created_at,id_str,text,retweet_count,favorite_count
Tue Jul 21 20:31:09 +0000 2020,1285673690454204418,Paul Celan √©crivait : ¬´ Il est temps que la pierre se r√©solve enfin √† fleurir ¬ª. Quel sens rev√™t cette injonction p‚Ä¶ https://t.co/1A2efnIqZ6,46,125
Sun Jul 19 13:01:00 +0000 2020,1284835631399604226,"""Ici c'est du concentr√© de corona. Regardez ici, on vit l√† et les gens viennent et font leurs besoins"" |‚Ä¶ https://t.co/tOCwSBxtxw",51,35
Thu Jul 23 06:40:39 +0000 2020,1286189465308991488,"Une image pour r√©sumer la situation : √† gauche, le nombre de cas de #corona par jour en #Israel lors de la 1√®re vag‚Ä¶ https://t.co/M9DQS987bu",18,38
Sat Jul 25 12:16:28 +0000 2020,1286998752545452033,@Nadiajournalist Normalement je vais sur place et j'ach√®te un mouton √† une famille du village mais la c'est corona.. :),0,0
Sat Jul 25 12:16:16 +0000 2020,1286998700703846402,RT @Bubush_33: On attend avec impatience le communiqu√© dans lequel vous allez annoncer avoir trouv√© un vaccin contre le corona,1,0
Sat Jul 25 12:16:00 +0000 2020,1286998632999391232,RT @maelarnaudh: ouais dans corona l√† c'est happy run qui me manque m√™me üíî,1,0
Sat Jul 25 12:15:52 +0000 2020,1286998599876870150,"RT @BengueFrederic: @ADuferret @QanonFrance La belle s≈ìur de mon √©pouse travaille dans un h√¥pital public en Belgique, ville de 50 000 habit‚Ä¶",5,0
Sat Jul 25 12:15:37 +0000 2020,1286998539063767043,"RT @flopewe: Vous allez √† une Be Fresh, vous attrapez le corona et vous vous plaignez qu‚Äôon lance blague? ON VA RIGOLER JUSQU‚ÄôAAAAAAAAAA",69,0
Sat Jul 25 12:14:53 +0000 2020,1286998352232669184,VOUS on est deconfin√© mais le Corona est toujours l√† et √ßa tue üò•faites attention,0,0
Sat Jul 25 12:14:49 +0000 2020,1286998339033214978,"RT @myriam_tsh: Dieu est vivant, apr√®s deux mois dans le coma et avoir vaincu le corona. Auj mon p√®re peut f√™ter ces 52 ans. Dieu merci ‚ù§Ô∏è‚Ä¶",2557,0
Sat Jul 25 12:14:38 +0000 2020,1286998291218149377,Je ne pensais pas que c'√©tait possible de faire plus insipide que la Corona ! https://t.co/uNW0gqE1YY,0,1
Sat Jul 25 12:14:14 +0000 2020,1286998189292363781,"@Serenacpc üòÇüòÇüòÇüòÇüòÇüòÇ
J‚Äôavais totalement oubli√© cette sauce (qui n‚Äôest pas le sujet: regarde les commentaires) 
Une foi‚Ä¶ https://t.co/9IFbmhMG5f",0,0
Sat Jul 25 12:14:04 +0000 2020,1286998149719109632,"RT @myriam_tsh: Dieu est vivant, apr√®s deux mois dans le coma et avoir vaincu le corona. Auj mon p√®re peut f√™ter ces 52 ans. Dieu merci ‚ù§Ô∏è‚Ä¶",2557,0
Sat Jul 25 12:14:01 +0000 2020,1286998134317617154,"RT @mistermv: J‚Äôai la Corona Song de Renaud dans la t√™te depuis ce matin, c‚Äôest infernal.",83,0
Sat Jul 25 12:13:08 +0000 2020,1286997913219080192,"RT @qualb_naqiun: Tu sors pas, le corona",2,0
Sat Jul 25 12:13:04 +0000 2020,1286997895108014082,"RT @myriam_tsh: Dieu est vivant, apr√®s deux mois dans le coma et avoir vaincu le corona. Auj mon p√®re peut f√™ter ces 52 ans. Dieu merci ‚ù§Ô∏è‚Ä¶",2557,0
Sat Jul 25 12:11:20 +0000 2020,1286997460787896320,La noisette qui risque donc de rater la reprise de la Ligue du Corona contre l‚ÄôAtalanta HOHOHO https://t.co/DbVHZYDJEq,0,0
Sat Jul 25 12:11:08 +0000 2020,1286997411790041089,"@Met_eau Comme si Corona daffa diex ok üòÇüòÇ
187 d√©c√®s",0,1
Sat Jul 25 12:10:48 +0000 2020,1286997326696009728,"RT @myriam_tsh: Dieu est vivant, apr√®s deux mois dans le coma et avoir vaincu le corona. Auj mon p√®re peut f√™ter ces 52 ans. Dieu merci ‚ù§Ô∏è‚Ä¶",2557,0
Sat Jul 25 12:10:30 +0000 2020,1286997250711920641,"RT @mistermv: J‚Äôai la Corona Song de Renaud dans la t√™te depuis ce matin, c‚Äôest infernal.",83,0
Sat Jul 25 12:10:18 +0000 2020,1286997200602574848,"RT @qualb_naqiun: Tu sors pas, le corona",2,0
Sat Jul 25 12:09:56 +0000 2020,1286997106167865346,Vos potes qui vous donne le corona puis vous le donnez √† votre famille ptdr,0,0
Sat Jul 25 12:09:55 +0000 2020,1286997103680663552,"Apr√®s avoir pris toutes les mesures pr√©ventives pour lutter contre la couronne depuis son d√©part jusqu'√† pr√©sent, l‚Ä¶ https://t.co/7JFBBm7v8l",0,0
Sat Jul 25 12:09:49 +0000 2020,1286997078678347776,2020 : AOAT (Ann√©e Of All Time) n'en d√©plaise au Corona virus https://t.co/wPdkBUaUQN,0,0
Sat Jul 25 12:09:32 +0000 2020,1286997007886934016,@FranoisMrl @ClzOceane parfait contre le corona,0,0
Sat Jul 25 12:09:18 +0000 2020,1286996950060081154,"Tu sors pas, le corona https://t.co/kn4GWj5yxu",2,5
Sat Jul 25 12:09:17 +0000 2020,1286996943063875585,"RT @myriam_tsh: Dieu est vivant, apr√®s deux mois dans le coma et avoir vaincu le corona. Auj mon p√®re peut f√™ter ces 52 ans. Dieu merci ‚ù§Ô∏è‚Ä¶",2557,0
Sat Jul 25 12:09:13 +0000 2020,1286996927062712321,jvais aller me faire tester pour le corona √† 16h https://t.co/PxTmnnjhnZ,0,0
Sat Jul 25 12:06:37 +0000 2020,1286996272013029376,"@philousports Ptdr Philou, en mars pour la premi√®re fois de ma vie j'ai gagn√© un concours gr√¢ce √† toi et Boulanger‚Ä¶ https://t.co/ENQdNKALRz",0,1
Sat Jul 25 12:06:05 +0000 2020,1286996141146550272,"RT @myriam_tsh: Dieu est vivant, apr√®s deux mois dans le coma et avoir vaincu le corona. Auj mon p√®re peut f√™ter ces 52 ans. Dieu merci ‚ù§Ô∏è‚Ä¶",2557,0
Sat Jul 25 12:05:15 +0000 2020,1286995928797401088,"RT @Ratfa_1: ""Fuck les racistes, Fuck la police, Fuck 2020, Fuck Corona, WESH WESH ""

J'√©coute du rap depuis 1453 et j'ai jamais entendu de‚Ä¶",1,0
Sat Jul 25 12:04:53 +0000 2020,1286995837126684674,"RT @myriam_tsh: Dieu est vivant, apr√®s deux mois dans le coma et avoir vaincu le corona. Auj mon p√®re peut f√™ter ces 52 ans. Dieu merci ‚ù§Ô∏è‚Ä¶",2557,0
Sat Jul 25 12:04:35 +0000 2020,1286995760962318342,ouais dans corona l√† c'est happy run qui me manque m√™me üíî,1,1
Sat Jul 25 12:04:06 +0000 2020,1286995642259308544,"Si vous √™tes all√©s √† l'√Æle d'Yeux ces derniers jours, ou si vous connaissez du monde qui y est all√©, soyez prudents‚Ä¶ https://t.co/HtXLo1dCNq",0,1
Sat Jul 25 12:03:47 +0000 2020,1286995560424189952,"Bet dcb buteur üá®üá≥ en collab avec le bro @ButeursPronos üëå

La doublette du fc Corona devrais faire le taff üòÇ‚Ä¶ https://t.co/EqVvWXQamf",0,2
Sat Jul 25 12:03:18 +0000 2020,1286995438051131396,"RT @BengueFrederic: @ADuferret @QanonFrance La belle s≈ìur de mon √©pouse travaille dans un h√¥pital public en Belgique, ville de 50 000 habit‚Ä¶",5,0
Sat Jul 25 12:02:27 +0000 2020,1286995226557591553,"RT @myriam_tsh: Dieu est vivant, apr√®s deux mois dans le coma et avoir vaincu le corona. Auj mon p√®re peut f√™ter ces 52 ans. Dieu merci ‚ù§Ô∏è‚Ä¶",2557,0
Sat Jul 25 12:01:15 +0000 2020,1286994923175268355,@badri1_m Le gouvernement n‚Äôa pas ce souci tout ce qui l‚Äôint√©resse c‚Äôest les statistiques Corona,0,0
Sat Jul 25 12:00:55 +0000 2020,1286994840501334016,Le corona c'est comme l'amour il es arriver et on a cru qu'il √©tai partie mais nan il es encor la a nous ronger..... üíò,0,0
Sat Jul 25 12:00:39 +0000 2020,1286994773388165120,"RT @flopewe: Vous allez √† une Be Fresh, vous attrapez le corona et vous vous plaignez qu‚Äôon lance blague? ON VA RIGOLER JUSQU‚ÄôAAAAAAAAAA",69,0
Sat Jul 25 12:00:35 +0000 2020,1286994753477922818,RT @donilapute: Le marocain est pr√™t √† choper le Corona f l blad mais il veut pas rater douwara .,4,0
Sat Jul 25 12:00:10 +0000 2020,1286994651061395457,RT @Pastropchpayp: Y‚Äôa deux hayla j‚Äô√©couter leurs conversations d‚Äôhandicap√©s dans le bus y en a une qui dis ‚Äú t‚Äôas mis trop de parfum ‚Äú l‚Äôa‚Ä¶,33,0
Sat Jul 25 11:59:59 +0000 2020,1286994606010269696,"RT @myriam_tsh: Dieu est vivant, apr√®s deux mois dans le coma et avoir vaincu le corona. Auj mon p√®re peut f√™ter ces 52 ans. Dieu merci ‚ù§Ô∏è‚Ä¶",2557,0
Sat Jul 25 11:59:45 +0000 2020,1286994544362508288,"@ericsalliot @morganDubai peine √† trover des Sponsors, New Haven a disparuüíî Moi aussi j'ai trouv√© que WTA avait tro‚Ä¶ https://t.co/AiJcQrf3hA",0,0
Sat Jul 25 11:59:36 +0000 2020,1286994507981107202,"RT @myriam_tsh: Dieu est vivant, apr√®s deux mois dans le coma et avoir vaincu le corona. Auj mon p√®re peut f√™ter ces 52 ans. Dieu merci ‚ù§Ô∏è‚Ä¶",2557,0
Sat Jul 25 11:59:20 +0000 2020,1286994441136410626,"RT @AnnieNiniDLF: @34Eule @Limportant_fr Le gros probl√®me ici ,c‚Äôest que logiquement,si le nombre de test augmente,le nombre de porteur vas‚Ä¶",1,0
Sat Jul 25 11:59:14 +0000 2020,1286994416037765120,Je oller desto doller...#Corona #Coronacreativity  https://t.co/75uihTyerE,0,0
Sat Jul 25 11:58:49 +0000 2020,1286994308655132674,"RT @mistermv: J‚Äôai la Corona Song de Renaud dans la t√™te depuis ce matin, c‚Äôest infernal.",83,0
Sat Jul 25 11:58:19 +0000 2020,1286994185384529920,"RT @E_Sissembeck: Fond de riposte contre le Corona Virus

Les gens au Minsante :",5,0
Sat Jul 25 11:57:50 +0000 2020,1286994061828788230,"Et encore c'est des chiffres qui datent d'avant le corona, mtn les offres d'emploi ont diminu√© entre temps et le no‚Ä¶ https://t.co/zLT0KXUPUu",0,0
Sat Jul 25 11:57:47 +0000 2020,1286994051926052865,"@Gueido223 On dirait y‚Äôa plus corona au Mali hein, que des rassemblements ! ü§£",0,0
Sat Jul 25 11:57:37 +0000 2020,1286994009903202304,La population de Corona dans le monde a d√©pass√© les 9 millions https://t.co/g9KIZDiOvw,0,0
Sat Jul 25 11:56:26 +0000 2020,1286993711675711488,"RT @mistermv: J‚Äôai la Corona Song de Renaud dans la t√™te depuis ce matin, c‚Äôest infernal.",83,0
Sat Jul 25 11:56:25 +0000 2020,1286993704536899584,"https://t.co/9Eyw3fYBXT D√©cid√©ment .... quand ce n'est pas pour la formation du gouvernement, c'est pour le corona.‚Ä¶ https://t.co/NuNsDTt9a1",0,0
Sat Jul 25 11:55:56 +0000 2020,1286993583984250880,"RT @myriam_tsh: Dieu est vivant, apr√®s deux mois dans le coma et avoir vaincu le corona. Auj mon p√®re peut f√™ter ces 52 ans. Dieu merci ‚ù§Ô∏è‚Ä¶",2557,0
Sat Jul 25 11:55:46 +0000 2020,1286993544356466690,"RT @Apush_Bruh: moi j'ai un ami qui a perdu une tante via corona...
mais je dis hein c'est quelle danse ? ü§£",3,0
Sat Jul 25 11:55:32 +0000 2020,1286993483958558720,@Frma_Aucl j ai la m√™me visions des choses que toi marie nous aux boulot on a tous fait le teste donc  35  personne‚Ä¶ https://t.co/QhzTsKe8yl,0,0
Sat Jul 25 11:55:24 +0000 2020,1286993450617974785,"RT @MG_MOD_OMAN: Cher citoyen .. Cher r√©sident:

Le respect des mesures pr√©ventives et des pr√©cautions sanitaires vous prot√®ge, vous et vot‚Ä¶",8,0
Sat Jul 25 11:54:53 +0000 2020,1286993319415996416,RT @Walid_RSN: Les particules de corona qui attendent que t'appuies sur le bouton stop https://t.co/jppft4tPmJ,1,0
Sat Jul 25 11:54:32 +0000 2020,1286993231226580995,a cause du corona jsuis une grosse pute ducoup :((( https://t.co/0BFIAP3l0t,0,2
Sat Jul 25 11:54:26 +0000 2020,1286993207990124544,"M√™me avant Corona, la baignade Villette √©tait toujours tr√®s stressante. On sait jamais si on te laisse y rentrer, t‚Ä¶ https://t.co/il42Kb7Gwf",0,0
Sat Jul 25 11:54:02 +0000 2020,1286993106286542848,"RT @mistermv: J‚Äôai la Corona Song de Renaud dans la t√™te depuis ce matin, c‚Äôest infernal.",83,0
Sat Jul 25 11:53:51 +0000 2020,1286993059000070144,J‚Äôen veux tjr au corona virus t‚Äôavoir foutu en l‚Äôair un semestre de conneries avec mes potes üò°,0,0
Sat Jul 25 11:53:37 +0000 2020,1286993001408069632,"RT @BengueFrederic: @ADuferret @QanonFrance La belle s≈ìur de mon √©pouse travaille dans un h√¥pital public en Belgique, ville de 50 000 habit‚Ä¶",5,0
Sat Jul 25 11:52:58 +0000 2020,1286992836454502400,RT @XAVIERA_ANAIS: @Ledawa @djroll_official @arsene_lejuif @bikophi @_AndreaMD @ElsaCynthia3 @florexkengne @gregondobo @joelmpessah @Laety1‚Ä¶,1,0
Sat Jul 25 11:52:56 +0000 2020,1286992830821433344,"RT @myriam_tsh: Dieu est vivant, apr√®s deux mois dans le coma et avoir vaincu le corona. Auj mon p√®re peut f√™ter ces 52 ans. Dieu merci ‚ù§Ô∏è‚Ä¶",2557,0
Sat Jul 25 11:52:51 +0000 2020,1286992808843386883,"RT @myriam_tsh: Dieu est vivant, apr√®s deux mois dans le coma et avoir vaincu le corona. Auj mon p√®re peut f√™ter ces 52 ans. Dieu merci ‚ù§Ô∏è‚Ä¶",2557,0
Sat Jul 25 11:52:48 +0000 2020,1286992796176592896,"RT @myriam_tsh: Dieu est vivant, apr√®s deux mois dans le coma et avoir vaincu le corona. Auj mon p√®re peut f√™ter ces 52 ans. Dieu merci ‚ù§Ô∏è‚Ä¶",2557,0
Sat Jul 25 11:52:43 +0000 2020,1286992773439262720,"Je pense que cette √©pid√©mie de corona ne sera jamais fini, on devra vivre avec toute notre vie.",0,0
Sat Jul 25 11:52:40 +0000 2020,1286992762966073344,RT @Baki__69: La pire maladie c‚Äôest etre un qlf ou chopper le corona ?,10,0
Sat Jul 25 11:52:30 +0000 2020,1286992721501200390,"RT @myriam_tsh: Dieu est vivant, apr√®s deux mois dans le coma et avoir vaincu le corona. Auj mon p√®re peut f√™ter ces 52 ans. Dieu merci ‚ù§Ô∏è‚Ä¶",2557,0
Sat Jul 25 11:52:08 +0000 2020,1286992630367363072,RT @Amina20S: Wifi gratuit pour lutter contre le corona j‚Äôessaie encore de trouver le rapport ü§îü§î,3,0
Sat Jul 25 11:51:19 +0000 2020,1286992422082424832,"RT @BFMTV: Allemagne: 39 arrestations apr√®s des violences lors d'une ""f√™te corona"" √† Francfort

https://t.co/uvtyjNyYMd https://t.co/XVNkiM‚Ä¶",10,0
Sat Jul 25 11:49:53 +0000 2020,1286992061481267200,"RT @E_Sissembeck: Fond de riposte contre le Corona Virus

Les gens au Minsante : https://t.co/XeTA31NFTH",5,0
Sat Jul 25 11:49:42 +0000 2020,1286992014601486337,"RT @mistermv: J‚Äôai la Corona Song de Renaud dans la t√™te depuis ce matin, c‚Äôest infernal.",83,0
Sat Jul 25 11:49:39 +0000 2020,1286992003503476738,"J'ai un petit fr√®re/ami, il vient d'avoir 21ans. Le gar est devenu PDG de l'entreprise de son p√®re et a √©galement r‚Ä¶ https://t.co/dkuTD4IxhP",0,0
Sat Jul 25 11:49:21 +0000 2020,1286991926932254720,"je pars pas en vacances a cause du corona, comme une envie de partir",0,1
Sat Jul 25 11:48:59 +0000 2020,1286991837044015104,"RT @Conflits_FR: üá©üá™ FLASH - ""La #deuxiemevague"" du #coronavirus ""est d√©j√† l√†"" en #Sachsen, selon #Kretschmer, ministre-pr√©sident du Land. #‚Ä¶",35,0
Sat Jul 25 11:48:49 +0000 2020,1286991793050058752,@peachyjini_ NON PUTAIN C'EST EMS EUROPE QUI SAOULE AVEC CORONA CHEPA QUOI,0,0
Sat Jul 25 11:48:43 +0000 2020,1286991769062780929,"RT @myriam_tsh: Dieu est vivant, apr√®s deux mois dans le coma et avoir vaincu le corona. Auj mon p√®re peut f√™ter ces 52 ans. Dieu merci ‚ù§Ô∏è‚Ä¶",2557,0
Sat Jul 25 11:48:22 +0000 2020,1286991680055447553,madame avait promis de nous inviter pour la f√™te !! Et bimmm corona est arriv√© üò™ cc @Togolize @Apush_Bruh https://t.co/cTDVlXGcww,0,0
Sat Jul 25 11:48:03 +0000 2020,1286991599382274048,"Miskine si j'ai le Corona... j'ai tellement respect√© les r√®gles : pas de sortie, masque et gel h24 https://t.co/wLCygQZ0aJ",0,0
Sat Jul 25 11:47:38 +0000 2020,1286991497850687488,"RT @myriam_tsh: Dieu est vivant, apr√®s deux mois dans le coma et avoir vaincu le corona. Auj mon p√®re peut f√™ter ces 52 ans. Dieu merci ‚ù§Ô∏è‚Ä¶",2557,0
Sat Jul 25 11:47:32 +0000 2020,1286991472831729665,YOHAN CON LA CORONA PQ ES UN RWY,0,0
Sat Jul 25 11:47:15 +0000 2020,1286991401553727489,"RT @myriam_tsh: Dieu est vivant, apr√®s deux mois dans le coma et avoir vaincu le corona. Auj mon p√®re peut f√™ter ces 52 ans. Dieu merci ‚ù§Ô∏è‚Ä¶",2557,0
Sat Jul 25 11:47:11 +0000 2020,1286991383530745856,@Homedelilla @Maitre_Fawkes C‚Äôest ta main qui est grande ou la corona qui est petite? ü§î,0,0
Sat Jul 25 11:46:59 +0000 2020,1286991330560942081,"RT @BengueFrederic: @ADuferret @QanonFrance La belle s≈ìur de mon √©pouse travaille dans un h√¥pital public en Belgique, ville de 50 000 habit‚Ä¶",5,0
Sat Jul 25 11:46:57 +0000 2020,1286991322549805056,Les boutons de corona sur peau noire ressemble √† quoi ?,0,1
Sat Jul 25 11:46:40 +0000 2020,1286991254023217153,"RT @Tsuna11k: Vs vs rendez pas compte le Corona l'argent que √ßa ns ft √©conomiser. MARIAGE PAS TROP DE GENS, RESTAURANT IL FAUDRA TLMT DE RE‚Ä¶",2,0
Sat Jul 25 11:46:29 +0000 2020,1286991207965560834,Donner ses coordonn√©es aux restaurants wlh je comprends pas √ßa va beaucoup trop loin cette histoire de corona,0,2
Sat Jul 25 11:46:26 +0000 2020,1286991194979995649,"RT @BengueFrederic: @ADuferret @QanonFrance La belle s≈ìur de mon √©pouse travaille dans un h√¥pital public en Belgique, ville de 50 000 habit‚Ä¶",5,0
Sat Jul 25 11:46:10 +0000 2020,1286991125778243590,jvous assure pour moi ya plus le corona,0,3
Sat Jul 25 11:45:35 +0000 2020,1286990980529496066,"j‚Äôai supprim√© de partout la meuf qui a gentillement d√©truit ma vie, et je vois ces tweets partout, pire que le corona je vous jure",0,0
Sat Jul 25 11:45:27 +0000 2020,1286990948698816512,Y√©nangui fatalikou temps corona ?üò≠,0,7
Sat Jul 25 11:45:11 +0000 2020,1286990878922465280,"RT @myriam_tsh: Dieu est vivant, apr√®s deux mois dans le coma et avoir vaincu le corona. Auj mon p√®re peut f√™ter ces 52 ans. Dieu merci ‚ù§Ô∏è‚Ä¶",2557,0
Sat Jul 25 11:44:45 +0000 2020,1286990770986258433,"@GG_RMC Avec #Corona ,les commerces n'ont plus les moyens de payer leur loyer donc ils ont d√©m√©nag√©s et sont partis‚Ä¶ https://t.co/xrEgQxqWiF",0,0
Sat Jul 25 11:44:29 +0000 2020,1286990703806099456,ptn mon papy veut pas aller chez le m√©decin pour qu‚Äôon lui traduise ses analyse pour le corona -_- vraiment un debilos,0,0
Sat Jul 25 11:43:56 +0000 2020,1286990565461155843,"RT @E_Sissembeck: Fond de riposte contre le Corona Virus

Les gens au Minsante :",5,0
Sat Jul 25 11:43:13 +0000 2020,1286990382946037765,"RT @myriam_tsh: Dieu est vivant, apr√®s deux mois dans le coma et avoir vaincu le corona. Auj mon p√®re peut f√™ter ces 52 ans. Dieu merci ‚ù§Ô∏è‚Ä¶",2557,0
Sat Jul 25 11:42:54 +0000 2020,1286990303115776001,Youhouuuu j‚Äôai pas corona ( le coton tige dans le pif sa fait pas mal ),0,1
Sun Jul 19 13:00:31 +0000 2020,1284835508921696257,"RT @julienbahloul: #Israel : selon les chiffres du minist√®re de la Sant√©, en une semaine, 106 personnes ont √©t√© contamin√©es par le #corona‚Ä¶",33,0
Sun Jul 19 12:59:09 +0000 2020,1284835164988858368,@UnVikingImberbe Sorry mais periode corona deja ty craches pas c tout ca ne se fait pas,0,0
Sun Jul 19 12:59:07 +0000 2020,1284835160215687168,RT @madamebretzel: Ok alors surtout restez-y et venez pas nous ramener le corona ou vos touristes crades et malpolis qui laissent leur d√©ch‚Ä¶,83,0
Sun Jul 19 12:58:40 +0000 2020,1284835044146716673,"RT @tevinauguste: Jeffree Star qui utilise le mouvement  BLM et le corona pour √©viter de parler du fait que c'est un nazi, raciste, mysogin‚Ä¶",44,0
Sun Jul 19 12:58:17 +0000 2020,1284834950403854336,"RT @julienbahloul: #Israel : selon les chiffres du minist√®re de la Sant√©, en une semaine, 106 personnes ont √©t√© contamin√©es par le #corona‚Ä¶",33,0
Sun Jul 19 12:57:51 +0000 2020,1284834840240693252,"@little_danou Mdrrrrbon est en periode Corona deja 

Donc arr√™tez on ne crache pas sur les gens bref",0,0
Sun Jul 19 12:55:51 +0000 2020,1284834334411763721,Tout le monde vit sa meilleure vie comme si y'as pas de corona https://t.co/pwo3r5IW6i,0,0
Sun Jul 19 12:55:48 +0000 2020,1284834323028488195,"RT @mathurin509: Nom: Covid 

Pr√©nom: corona

Sexe : virus

√Çge : 19

Nationalit√© : aide moi stp..........?",6,0
Sun Jul 19 12:55:40 +0000 2020,1284834290652655616,@Deboutoujours @ElianeCarrier Et les anti masques qui revendiquent leur √©go√Øsme crasse c'est pire. A croire qu'ils‚Ä¶ https://t.co/DnASdMmv3w,0,1
Sun Jul 19 12:54:50 +0000 2020,1284834080211730432,RT @tamara67498593: Merci √† tous toutes les avocat e s des militants du hirak alg√©rien qui d√©fendent tous les d√©tenus et a la cnld le coron‚Ä¶,1,0
Sun Jul 19 12:54:42 +0000 2020,1284834047596859392,@NellyScop_09 mdrr le corona il a fait des ravages esh faut retourner √† l‚Äô√©cole parce que ton orthographe üíÄ,0,0
Sun Jul 19 12:54:12 +0000 2020,1284833922195562496,@ShadowKids131 @nayteFN @RobabzTV Le Corona virus a ravag√© le fran√ßais de certaines personnes,0,15
Sun Jul 19 12:53:58 +0000 2020,1284833863366250507,"RT @julienbahloul: #Israel : selon les chiffres du minist√®re de la Sant√©, en une semaine, 106 personnes ont √©t√© contamin√©es par le #corona‚Ä¶",33,0
Sun Jul 19 12:53:57 +0000 2020,1284833858941263873,"@EmmanuelMacron si ca vous int√©resse, Monsieur le pr√©sident, un fran√ßais viens de gagner en moto GP.. Le premier de‚Ä¶ https://t.co/yjRplJAFLc",0,0
Sun Jul 19 12:53:52 +0000 2020,1284833837994967040,"RT @julienbahloul: #Israel : selon les chiffres du minist√®re de la Sant√©, en une semaine, 106 personnes ont √©t√© contamin√©es par le #corona‚Ä¶",33,0
Sun Jul 19 12:53:28 +0000 2020,1284833735183970311,Le fait de jouer √† #GhostofTsushima √ßa me donne envie d'aller au onsen.. pourquoi pas y aller le weekend de 4 jours‚Ä¶ https://t.co/oiYc3c68i7,0,0
Sun Jul 19 12:53:01 +0000 2020,1284833624563613696,"RT @julienbahloul: #Israel : selon les chiffres du minist√®re de la Sant√©, en une semaine, 106 personnes ont √©t√© contamin√©es par le #corona‚Ä¶",33,0
Sun Jul 19 12:51:53 +0000 2020,1284833336893100033,"RT @Soniadoubi655: Le #ConseilDelOrdre une entit√© dictatoriale et autoritaire qui Saque ses propres m√©decins ü•º 
Une entit√© qui sert √† qui?‚Ä¶",7,0
Sun Jul 19 12:50:45 +0000 2020,1284833053647536128,"RT @manoucoucou: @ChasseTroll @am_0713 @Salazar09199749 @GeneviveCaron18 @RiMartineau tu riras moins quand on t'imposera le vaccin....
parc‚Ä¶",4,0
Sun Jul 19 12:50:09 +0000 2020,1284832900127641603,"@enraje Origine:usa
Sauf erreur Floride.
Conseils pour le Corona.

Apr√®s... Un coup de Google image, hein...",0,0
Sun Jul 19 12:47:35 +0000 2020,1284832256088051713,"RT @l0losempai: Oki mes puces, j‚Äôai besoin que vous partagiez et surtt que vs venez consommer au resto africain de ma s≈ìur, la Case d‚ÄôAli√™f‚Ä¶",668,0
Sun Jul 19 12:47:19 +0000 2020,1284832190753382401,@yapasnis Tu vas plus au bled √† cause du corona ?,0,0
Sun Jul 19 12:47:17 +0000 2020,1284832180070277120,"RT @seguin_nathalie: La v√©rit√© est que la Covid-19 ns a √©t√© transmise par des ratons-laveurs. En preuve, il porte un masque et se lave trjs‚Ä¶",2485,0
Sun Jul 19 12:46:53 +0000 2020,1284832081864986624,Le Premier ministre alg√©rien Abdelaziz Jarrad a confirm√© que son pays vit dans une situation √©conomique difficile r‚Ä¶ https://t.co/gnyaJx0lz1,0,5
Sun Jul 19 12:46:06 +0000 2020,1284831882287489030,@ErricoGaya Sauf que j‚Äô√©tais pas sens√© le faire en Belgique mais bon corona oblige hn,0,0
Sun Jul 19 12:45:40 +0000 2020,1284831772673540098,"Bon, je vais √©couter un peu, en esp√©rons que √ßa sera pas aussi chiant que ""radio corona"" https://t.co/XKIZvKVmoD",0,1
Sun Jul 19 12:44:23 +0000 2020,1284831451733729281,@yankishi @Claude64402068 @LitsaniChoukran et dire que c'est d√ª au corona que nous assistons aux d√©pr√©ciations de n√¥tre monnaie est faux,0,0
Sun Jul 19 12:43:52 +0000 2020,1284831319550242816,"J‚Äôai envie de bouger wallah mais le sud c‚Äôest min√©, l‚ÄôEspagne √ßa me so√ªle d‚Äôy aller, et + loin j‚Äôme dis si j‚Äôai le corona j‚Äôsuis tuba",0,1
Sun Jul 19 12:43:26 +0000 2020,1284831213618900994,Corona Vice Ruse‚Äù: le coup de gueule du collectif ‚ÄúSlam-Inn√©‚Äù. https://t.co/i3CNk0mTq3,0,2
Sun Jul 19 12:43:17 +0000 2020,1284831174418993152,RT @___MBK___: Y ma pas vu depuis le d√©but du corona il va faire un infarctus https://t.co/87S2QnlvQM,20,0
Sun Jul 19 12:42:47 +0000 2020,1284831047524311040,"RT @Medical_Nomad_: National #Bird ü¶Ö 
National #Animal ü¶í 
&amp; National #Corona Patient üò¨ https://t.co/NfOFznxUzn",5,0
Sun Jul 19 12:42:41 +0000 2020,1284831024707444738,On m'a dit de croire en l'amour mais vous √™tes tous des chiens ü§∑üèΩ‚Äç‚ôÄÔ∏è,0,1
Sun Jul 19 12:42:31 +0000 2020,1284830982336585728,"RT @julienbahloul: #Israel : selon les chiffres du minist√®re de la Sant√©, en une semaine, 106 personnes ont √©t√© contamin√©es par le #corona‚Ä¶",33,0
Sun Jul 19 12:42:23 +0000 2020,1284830945732956161,"RT @julienbahloul: #Israel : selon les chiffres du minist√®re de la Sant√©, en une semaine, 106 personnes ont √©t√© contamin√©es par le #corona‚Ä¶",33,0
Sun Jul 19 12:42:04 +0000 2020,1284830866133454848,Les jeunes Proven√ßaux font la f√™te et se moquent du coronavirus  https://t.co/4HWaO9iffO,0,0
Sun Jul 19 12:41:57 +0000 2020,1284830840158064641,RT @Darhylovic: Cette ann√©e y‚Äôa trop de mort et je parle mm pas de corona etc en dehors de √ßa mm y‚Äôa trop de mort,2,0
Sun Jul 19 12:41:15 +0000 2020,1284830663296856066,"RT @W_Alhusseini: Emna Chargui a √©t√© condamn√©e mardi √† 6 mois de prison ferme pour avoir partag√© sur Facebook ""une sourate corona"", en imit‚Ä¶",542,0
Sun Jul 19 12:41:11 +0000 2020,1284830646481948672,"Le dimanche ne sert pas √† pr√©parer ses graphiques, mais plut√¥t √† souffler, respirer, prendre l'air (malgr√© le Coron‚Ä¶ https://t.co/8uFu1Jg8kx",0,0
Sun Jul 19 12:40:45 +0000 2020,1284830538147168259,@Lokmen92 Va boire de l'eau de bouteille avant que tu m'fasses une intoxication la ils mettent du chlore dans l'eau a cause du corona,0,0
Sun Jul 19 12:40:45 +0000 2020,1284830537564196865,RT @OlivierEkounda: @BBonny_M Je chassais le corona de mon p√©rim√®tre ü§£ü§£ü§£,1,0
Sun Jul 19 12:40:18 +0000 2020,1284830422745124870,Cette ann√©e y‚Äôa trop de mort et je parle mm pas de corona etc en dehors de √ßa mm y‚Äôa trop de mort,2,2
Sun Jul 19 12:39:59 +0000 2020,1284830342583656448,y mreste 3symptome et jai tout ceux du corona #impatientüò∞,0,0
Sun Jul 19 12:39:59 +0000 2020,1284830341979660293,"@Coexister75 C'est une p√©riode stressante pour les f....,corona,Traor√©,incendie.....courage phiphi !",0,0
Sun Jul 19 12:39:58 +0000 2020,1284830339190468609,"RT @julienbahloul: #Israel : selon les chiffres du minist√®re de la Sant√©, en une semaine, 106 personnes ont √©t√© contamin√©es par le #corona‚Ä¶",33,0
Sun Jul 19 12:39:52 +0000 2020,1284830315794530304,@MendoLaB1 @lequipe Mdr cr√©tin fait 2 3 recherches sur le fonctionnement d'un virus type Corona! https://t.co/kLWT5Fq8Hp,0,0
Sun Jul 19 12:39:27 +0000 2020,1284830210672689152,"@GaylordFurniker @P6fmuVp0yV1Hzuc @Ryanair Oui ,mais attends un peu quand m√™me,
Actuellement avec le corona,
C'est‚Ä¶ https://t.co/0t95OJRimV",0,2
Sun Jul 19 12:39:07 +0000 2020,1284830126350491654,"@julienbahloul Bref mon juju 
Soyons soud√©s au lieu de d√©battre sur la fermeture des synagogues 
Je sens que ce d√©b‚Ä¶ https://t.co/rO4MJtLisZ",0,3
Sun Jul 19 12:38:56 +0000 2020,1284830079529484288,RT @madamebretzel: Ok alors surtout restez-y et venez pas nous ramener le corona ou vos touristes crades et malpolis qui laissent leur d√©ch‚Ä¶,83,0
Sun Jul 19 12:38:31 +0000 2020,1284829975355564032,Alg√©rie: les entreprises publiques subissent des pertes sup√©rieures √† 879 millions d'euros en raison du virus Corona https://t.co/6QF5OCSHZr,1,2
Sun Jul 19 12:37:55 +0000 2020,1284829821986627590,Aux √âtats-Unis 61000 nouveaux cas test√©s positifs au COVID19 CORONA VIRUS une baisse par rapport aux 77000 cas d'avant-hier,0,0
Sun Jul 19 12:37:51 +0000 2020,1284829805318418433,Je crois que j‚Äôai le corona omg mais je rigole pas j‚Äôai trop peur,0,0
Sun Jul 19 12:37:24 +0000 2020,1284829691724128258,"Allemagne: √©pid√©mie de #COVID19 dans une autre usine de viande

https://t.co/1McUcMPDha",1,0
Sun Jul 19 12:36:54 +0000 2020,1284829565689438208,RT @madamebretzel: Ok alors surtout restez-y et venez pas nous ramener le corona ou vos touristes crades et malpolis qui laissent leur d√©ch‚Ä¶,83,0
Sun Jul 19 12:36:49 +0000 2020,1284829544403423232,@RifdeFrance @zemmourFanqlf Ptdrrr t bnia tu penses √† √ßa moi je croyais elle avait le corona esh,0,1
Sun Jul 19 12:36:08 +0000 2020,1284829374362132485,@BBonny_M Je chassais le corona de mon p√©rim√®tre ü§£ü§£ü§£,1,2
Sun Jul 19 12:34:59 +0000 2020,1284829085110358017,"@vincegoudreault @Zooboo44 @RiMartineau Le virus passe entre les mailles du masque... ü§¶üèª‚Äç‚ôÇÔ∏è 

Tu veux te prot√©ger d‚Ä¶ https://t.co/uak1lxyLYc",0,1
Sun Jul 19 12:34:13 +0000 2020,1284828891723464704,"RT @manoucoucou: @ChasseTroll @am_0713 @Salazar09199749 @GeneviveCaron18 @RiMartineau tu riras moins quand on t'imposera le vaccin....
parc‚Ä¶",4,0
Sun Jul 19 12:32:30 +0000 2020,1284828459185909761,rahhh le corona il me p√®te les couilles https://t.co/gOH4OnjzW3,0,0
Sun Jul 19 12:32:23 +0000 2020,1284828430136152065,"RT @NastiesB: @henlofren Les fran√ßais: 
- en janvier: ""le corona c une grippe""
- en mars: ""y'a pas de masque""
- en confinement: ""oue bah c‚Ä¶",141,0
Sun Jul 19 12:31:47 +0000 2020,1284828281632587776,"En fait je t'explique boloss, la corona saloperie je l'ai eu et pas envie de la re-chopper, t'es sans masque dans u‚Ä¶ https://t.co/FLdfv7J4xN",0,1
Sun Jul 19 12:31:35 +0000 2020,1284828228234944520,RT @___MBK___: Y ma pas vu depuis le d√©but du corona il va faire un infarctus https://t.co/87S2QnlvQM,20,0
Sun Jul 19 12:31:20 +0000 2020,1284828166037610496,J‚Äôai envie de partir en vacances seule mais vas y corona,0,1
Sun Jul 19 12:30:46 +0000 2020,1284828023368318981,"RT @l0losempai: Oki mes puces, j‚Äôai besoin que vous partagiez et surtt que vs venez consommer au resto africain de ma s≈ìur, la Case d‚ÄôAli√™f‚Ä¶",668,0
Sun Jul 19 12:30:27 +0000 2020,1284827943181615104,RT @iamquent2: @lre_tes Au moins avec le corona tu peux mettre un masque pour le cacher,2,0
Sun Jul 19 12:28:23 +0000 2020,1284827425503956992,"#Israel : selon les chiffres du minist√®re de la Sant√©, en une semaine, 106 personnes ont √©t√© contamin√©es par le‚Ä¶ https://t.co/QRn7bzjMdd",33,96
Sun Jul 19 12:28:12 +0000 2020,1284827379387564032,RT @Dallas_USPC: Les conneries sur le corona et la 5G √ßa me termine s√©rieux mdr https://t.co/qOxB5fs3Ez,18,0
Sun Jul 19 12:27:10 +0000 2020,1284827118052888576,@F_Desouche Sans oublier que les dits cartels ont suppl√©√© √† l'incurie de l'√©tat pendant le confinement et la crise‚Ä¶ https://t.co/2hk1CMwjej,0,0
Sun Jul 19 12:26:47 +0000 2020,1284827020808146947,"@JeuDecide J'√©tais en vacances depuis 2 semaines et j'ai pas vu un seul masque sur quiconque

Enfin si, ceux qui √©t‚Ä¶ https://t.co/A3F7XIrFUk",0,1
Sun Jul 19 12:26:07 +0000 2020,1284826852444581888,"RT @seguin_nathalie: La v√©rit√© est que la Covid-19 ns a √©t√© transmise par des ratons-laveurs. En preuve, il porte un masque et se lave trjs‚Ä¶",2485,0
Sun Jul 19 12:25:52 +0000 2020,1284826791744606208,"RT @l0losempai: Oki mes puces, j‚Äôai besoin que vous partagiez et surtt que vs venez consommer au resto africain de ma s≈ìur, la Case d‚ÄôAli√™f‚Ä¶",668,0
Sun Jul 19 12:25:51 +0000 2020,1284826785482444800,hier a 2h du matin ma cousine et moi on a fait un plan de ouf pour qu'elle vienne dormir chez moi pour qu'au final‚Ä¶ https://t.co/e13u699Cn5,0,0
Sun Jul 19 12:25:10 +0000 2020,1284826613486694401,"@mimig1953 @Solanden @ZohraBitan Exact 
Ce qui est etrange pour un corona 
Les nouveaux patients en r√©a s aggravent‚Ä¶ https://t.co/xXsnjB5hMe",0,0
Sun Jul 19 12:25:00 +0000 2020,1284826573116518400,@join2culasse @tiloulou69 @jojo_nnd @Conflits_FR si les gens d‚Äôautres pays avec un taux de cas beaucoup plus √©lev√©‚Ä¶ https://t.co/A2xcmshidq,0,1
Sun Jul 19 12:24:13 +0000 2020,1284826377406099458,"@Marcelinho1M12 @Call_meML Ptdr ta pas vu tout le soutien des noirs pour les chinois avec le corona, c‚Äô√©tait presqu‚Ä¶ https://t.co/csMOSs7TIG",0,6
Sun Jul 19 12:22:35 +0000 2020,1284825964887920643,On dirait il a trouver le vaccin contre le corona https://t.co/XPrCMnxaJe,0,0
Sun Jul 19 12:22:32 +0000 2020,1284825952980217857,"Apr√®s la crise mondiale caus√©e par le CoviD-19 (virus Corona), HYDRO-QUEBEC INTERNATIONAL (HQI) recrute du personne‚Ä¶ https://t.co/ZTPEUPmyNu",0,2
Sun Jul 19 12:21:55 +0000 2020,1284825794917916673,"Je vois tout le monde partir en vacance avec ses potes, pendant que mon voyage √† Malte avec mes potes est annul√© √† cause du corona ü§°",0,1
Sun Jul 19 12:20:59 +0000 2020,1284825560930299904,"RT @mathurin509: Nom: Covid 

Pr√©nom: corona

Sexe : virus

√Çge : 19

Nationalit√© : aide moi stp..........?",6,0
Sun Jul 19 12:20:39 +0000 2020,1284825477153263618,@lequidampost @afpfr @antonioguterres Faut arr√™ter de mettre la faute sur le corona mais sur les mesures prises par‚Ä¶ https://t.co/TlInpyA9Iy,0,1
Sun Jul 19 12:20:11 +0000 2020,1284825360094367744,"@ismaDinter fr√®re je veux retourner en cours un minimum moi mdr et ma 1ere saison en u20 aussi, non c'est mort fuck corona",0,0
Sun Jul 19 12:19:40 +0000 2020,1284825231295741952,Marseille continuez √† croire que le corona c est termin√© on va tous mourir,0,0
Sun Jul 19 12:18:57 +0000 2020,1284825050219253762,RT @daphnegdnz: c‚Äô√©tait l‚Äôobjectif (ou en Espagne) mais le corona en a d√©cid√© autrement,1,0
Sun Jul 19 12:18:21 +0000 2020,1284824899727568897,RT @Marlo7bks: Le corona i va revenir fort vs croyez c‚Äôest des blague,3,0
Sun Jul 19 12:17:50 +0000 2020,1284824770761154560,"@MoweKro Fun fact  : Jsuis mort du Corona dans FF8
https://t.co/c3kkmjehHM",0,1
Sun Jul 19 12:17:01 +0000 2020,1284824564120395778,RT @___MBK___: Y ma pas vu depuis le d√©but du corona il va faire un infarctus https://t.co/87S2QnlvQM,20,0
Sun Jul 19 12:16:53 +0000 2020,1284824531983650821,"RT @julienbahloul: La force de cette photo, prise hier soir en marge d'une manifestation contre #Netanyahu √† #J√©rusalem...
#Israel #Corona.‚Ä¶",28,0
Sun Jul 19 12:16:53 +0000 2020,1284824531711000577,"RT @mathurin509: Nom: Covid 

Pr√©nom: corona

Sexe : virus

√Çge : 19

Nationalit√© : aide moi stp..........?",6,0
Sun Jul 19 12:15:47 +0000 2020,1284824251430776832,"RT @Soniadoubi655: Le #ConseilDelOrdre une entit√© dictatoriale et autoritaire qui Saque ses propres m√©decins ü•º 
Une entit√© qui sert √† qui?‚Ä¶",7,0
Sun Jul 19 12:15:10 +0000 2020,1284824096363159552,c‚Äô√©tait l‚Äôobjectif (ou en Espagne) mais le corona en a d√©cid√© autrement https://t.co/4zO2O391rI,1,7
Sun Jul 19 12:14:57 +0000 2020,1284824043699527680,"RT @seguin_nathalie: La v√©rit√© est que la Covid-19 ns a √©t√© transmise par des ratons-laveurs. En preuve, il porte un masque et se lave trjs‚Ä¶",2485,0
Sun Jul 19 12:14:40 +0000 2020,1284823972635381765,"RT @Nyampinga_: Mais le Corona est fini ou bien c‚Äôest comment?? Des soir√©es partout, aucune distanciation, pas de masque. 
Peut-√™tre que je‚Ä¶",1,0
Sun Jul 19 12:13:59 +0000 2020,1284823802048917504,"RT @mathurin509: Nom: Covid 

Pr√©nom: corona

Sexe : virus

√Çge : 19

Nationalit√© : aide moi stp..........?",6,0
Sun Jul 19 12:12:48 +0000 2020,1284823501678026752,"Nom: Covid 

Pr√©nom: corona

Sexe : virus

√Çge : 19

Nationalit√© : aide moi stp..........?",6,11
Sun Jul 19 12:12:46 +0000 2020,1284823493180297221,"RT @i24NEWS_FR: #Isra√´l: ""Nous protestons contre notre gouvernement qui ne fait rien pour les citoyens. Nous ne savons pas ce qui se passe‚Ä¶",2,0
Sun Jul 19 12:12:40 +0000 2020,1284823467075022848,@andreyaaa10 Comme √ßa quand on parle aux gens on les postillonne pas dessus vu que le corona il ce donne aussi comm‚Ä¶ https://t.co/zJ13m4FppH,0,1
Sun Jul 19 12:12:32 +0000 2020,1284823435605086209,@LouLmrnr Parce que elles vont peut √™tre referm√©e √† cause du corona,0,0
Sun Jul 19 12:12:02 +0000 2020,1284823308211552257,RT @blt_130: @Dzoldyck_ Il a vu corona yeux dans les yeux? Non. Mais il a peur d‚Äô√™tre infect√©e un moment donn√© on ferme sa gueule c‚Äôest tou‚Ä¶,16,0
Sun Jul 19 12:11:57 +0000 2020,1284823288355708940,"#Stellar Lumens affiche une forte croissance au deuxi√®me trimestre 2020 (crypto-news-flash) 

Malgr√© la pand√©mie de‚Ä¶ https://t.co/QXvOb7GvPK",0,2
Sun Jul 19 12:11:37 +0000 2020,1284823205480411137,RT @___MBK___: Y ma pas vu depuis le d√©but du corona il va faire un infarctus https://t.co/87S2QnlvQM,20,0
Sun Jul 19 12:11:23 +0000 2020,1284823146193920002,heureusement que j'ai miraculeusement trouve LA quasi seule blouse blanche de france capable de r√©pondre autre chos‚Ä¶ https://t.co/6P4mxmLqXW,0,0
